{"Octans":[[[14.181666,-83.21667],[23.77,-82.566666],[22.596666,-81.9],[14.181666,-83.21667]]],"Delphinus":[[[20.473333,10.966666],[20.548334,14.25],[20.583334,15.566667],[20.7,15.766666],[20.646667,14.716666],[20.548334,14.25]]],"Lacerta":[[[22.326666,51.733334],[22.453333,49.766666],[22.34,48.966667],[22.423334,47.183334],[22.281666,46.033333],[22.435,42.6],[22.193333,37.25]]],"Crux":[[[12.426666,-56.55],[12.35,-62.533333]],[[12.698334,-59.15],[12.163333,-58.2]]],"Libra":[[[15.543333,-29.45],[15.515,-27.8],[14.97,-24.883333],[14.755,-15.633333],[15.193334,-9.016666],[15.498333,-14.45],[14.97,-24.883333]]],"Microscopium":[[[21.24,-41.233334],[21.198334,-32.583332],[20.92,-32.65],[20.73,-34.15]]],"Puppis":[[[8.055,-24.016666],[7.7516665,-24.616667],[7.5783334,-26.566668],[7.5233335,-28.15],[7.2266665,-36.916668],[6.5783334,-43.1],[6.7916665,-50.5],[7.838333,-47.85],[7.77,-46.133335],[8.001667,-39.716667],[8.055,-24.016666]]],"Capricornus":[[[20.208334,-12.85],[20.256666,-15.1],[20.386667,-18.15],[20.67,-25.633333],[20.765,-27.3],[21.021667,-25.4],[21.35,-22.85],[21.383333,-22.25],[21.525,-19.9],[21.691668,-16.583334],[21.576666,-17.116667],[21.278334,-17.266666],[21.005,-17.633333],[20.208334,-12.85]]],"Serpens Caput":[[[15.74,-3.1166666],[15.763333,4.7833333],[15.655,6.7333336],[15.5,10.883333],[15.693334,15.733334],[15.736667,18.45],[15.863334,15.983334],[15.693334,15.733334]]],"Apus":[[[14.59,-78.61667],[16.09,-78.45],[16.301666,-78.666664],[16.48,-77.3]]],"Triangulum Australe":[[[16.635,-68.85],[15.771667,-63.116665],[15.46,-65.98333],[15.16,-68.316666]]],"Scorpius":[[[15.845,-28.916666],[15.88,-25.833334],[15.906667,-22.333334],[15.993334,-19.533333],[16.103333,-19.2]],[[15.906667,-22.333334],[16.251667,-25.35],[16.388332,-26.216667],[16.495,-28.016666],[16.728333,-34.116665],[16.751667,-37.883335],[16.793333,-42.2],[17.083334,-43.1],[17.501667,-42.933334],[17.676666,-40.083332],[17.593334,-38.983334],[17.446667,-37.033333]]],"Sagitta":[[[19.905,19.216667],[19.715,18.283333],[19.593334,17.783333]],[[19.715,18.283333],[19.61,17.25]]],"Canis Major":[[[6.305,-17.9],[6.6783333,-16.583334],[6.98,-23.683332],[7.0716667,-26.233334],[6.9616666,-27.783333],[6.911667,-28.833334]],[[7.0716667,-26.233334],[7.335,-29.1]]],"Phoenix":[[[1.45,-49.583332],[1.4,-43.833332],[1.0266666,-47.25],[0.355,-42.85],[7.1666665e-2,-46.3],[23.495,-43.166668],[23.568333,-47.2],[23.895,-53.316666]],[[7.1666665e-2,-46.3],[0.64666665,-58.016666]],[[1.0266666,-47.25],[1.07,-55.783333]]],"Orion":[[[5.83,7.383333],[5.4933333,9.866667],[5.33,6.266667],[5.4483333,-0.36666667],[5.161667,-8.316667],[5.7166667,-9.7],[5.5950003,-2],[5.83,7.383333]],[[5.83,7.383333],[5.9483333,9.65],[6.105,14.233334],[6.0316668,14.783334],[5.9666667,20.133333]],[[6.105,14.233334],[6.15,19.2]],[[5.33,6.266667],[4.74,6.7833333]],[[4.8233333,10],[4.7516665,8.733334],[4.74,6.7833333],[4.765,5.4333334],[4.8166666,2.2833333],[4.89,1.55]]],"Cepheus":[[[21.27,62.166668],[22.123333,57.7],[22.768333,65.666664],[23.586666,77.066666],[21.456667,70.11667],[21.27,62.166668]]],"Cygnus":[[[19.445,27.75],[19.876667,34.816666],[20.31,39.933334],[20.633333,44.916668]],[[21.145,29.816668],[20.703333,33.6],[20.31,39.933334],[19.698334,44.883335],[19.453333,51.516666]]],"Indus":[[[20.508333,-47.633335],[21.211666,-53.866665],[21.851667,-55.466667]],[[21.211666,-53.866665],[20.783333,-58.833332]]],"Bootes":[[[13.831667,18.9],[14.185,19.7],[14.458333,30.816668],[14.468333,38.75],[14.97,40.783333],[15.191667,33.683334],[14.676666,27.5],[14.185,19.7],[14.606667,14.15]]],"Monoceros":[[[8.06,-2.6833334],[7.6083336,-9.316667],[7.113333,-0.33333334],[6.71,2.5166667],[6.3083334,4.65],[6.4583335,7.4]],[[7.113333,-0.33333334],[6.4,-6.9666667],[6.1666665,-6.233333]]],"Crater":[[[11.848333,-16.583334],[11.661667,-17.8],[11.331667,-17.133333],[11.111667,-22.283333],[10.915,-17.766666],[11.238334,-14.233334],[11.331667,-17.133333]],[[11.526667,-9.25],[11.326667,-10.3],[11.238334,-14.233334]]],"Chamaeleon":[[[8.351666,-76.6],[10.571667,-78.1],[12.208333,-78.75],[10.746667,-80.01667],[8.351666,-76.6]]],"Piscis Austrinus":[[[22.868334,-30.15],[22.585,-27.566668],[22.143333,-28.266666],[21.698334,-31.35],[21.65,-33.483334],[22.041666,-33.483334],[22.431667,-32.866665],[22.783333,-33.4],[22.84,-33.066666],[22.868334,-30.15]]],"Pyxis":[[[8.603333,-34.95],[8.66,-32.833332],[8.771667,-27.35]]],"Columba":[[[6.306667,-33.383335],[6.2166667,-35.1],[5.9,-35.3],[5.79,-35.8],[5.6,-34.133335],[5.4616666,-35.55]],[[5.79,-35.8],[5.935,-42.816666]]],"Corona Borealis":[[[15.481667,31.7],[15.395,29.45],[15.508333,27.05],[15.641666,26.616667],[15.756666,26.383333],[15.89,27.166666],[15.956667,30.116667]]],"Caelum":[[[4.621667,-42.05],[4.6416664,-37.333332]]],"Ursa Major":[[[13.726666,49.816666],[13.331667,55.45],[12.826667,56.5],[12.175,57.583332],[11.81,54.25],[10.93,56.916668],[10.96,62.283333],[12.175,57.583332]],[[11.81,54.25],[11.68,48.333332],[11.218333,33.633335],[11.215,32.1]],[[11.68,48.333332],[11.066667,45.033333],[10.273334,42],[10.185,43.416668]],[[10.93,56.916668],[9.731667,59.516666],[9.756666,54.533333],[9.466666,52.5],[9.4366665,52.133335],[8.873333,48.433334],[8.946667,47.55]],[[10.96,62.283333],[9.395,63.5],[8.366667,61.05],[9.731667,59.516666]]],"Vela":[[[8.106667,-47.05],[8.698334,-54.35],[9.316667,-54.583332],[9.89,-54.1],[10.708333,-48.9],[10.551666,-47.7],[10.48,-46.5],[10.175,-41.633335],[9.446667,-40.033333],[9.071667,-43.033333],[8.68,-42.283333],[8.57,-42.633335],[8.106667,-47.05]]],"Ophiuchus":[[[17.35,-29.783333],[17.265,-24.9],[17.338333,-24.083334],[17.25,-21.016666],[17.076666,-15.6],[16.528334,-10.366667],[16.216667,-4.45],[16.151667,-3.4333334],[16.431667,2.2],[16.881666,9.533334],[17.505,12.633333],[17.641666,4.616667],[17.715,2.75],[17.076666,-15.6]],[[17.715,2.75],[17.891666,-9.766666]]],"Leo":[[[11.15,15.983334],[11.733334,15.133333],[11.146667,21.066668],[11.15,15.983334],[10.05,12.45],[10.031667,17.25],[10.241667,20.35],[10.185,23.916666],[9.785,26.483334],[9.67,24.233334]]],"Serpens Cauda":[[[18.853333,4.0666666],[18.268333,-2.9166667],[17.891666,-9.766666],[17.596666,-12.816667],[17.531666,-15.333333],[17.253334,-12.75]]],"Sextans":[[[9.791667,-7.633333],[10.048333,0.11666667],[10.42,-0.13333334]]],"Hydra":[[[14.011666,-26.2],[13.225,-22.65],[11.796667,-33.35],[11.468333,-31.3],[10.745,-15.666667],[10.355,-16.333334],[10.095,-11.866667],[10.005,-12.583333],[9.778334,-14.383333],[9.378333,-8.233334],[9.578333,-0.68333334],[9.153334,2.7333333],[8.835,6.3333335],[8.633333,3.7666667],[8.558333,3.7],[8.54,6.05],[8.691667,6.7833333],[8.835,6.3333335]]],"Corvus":[[[12.055,-24.166666],[12.083333,-22.066668],[12.178333,-16.983334],[12.411667,-15.966666],[12.485,-22.85],[12.083333,-22.066668]]],"Pegasus":[[[22.981667,27.533333],[5.3333335e-2,28.533333],[0.135,14.633333],[22.996666,14.666667],[22.981667,27.533333],[22.638332,29.7],[22.04,24.85],[21.668333,25.183332]],[[22.981667,27.533333],[22.753334,24.066668],[22.695,23.033333],[21.663334,16.9],[21.291666,19.383333]],[[22.996666,14.666667],[22.693333,11.666667],[22.608334,10.316667],[22.086666,5.7],[21.655,9.416667]]],"Triangulum":[[[2.06,34.516666],[1.79,29.1],[2.19,33.383335],[2.06,34.516666]]],"Carina":[[[6.3616667,-52.633335],[7.903333,-52.716667],[8.341666,-59.183334],[9.24,-58.85],[10.475,-61.183334],[10.656667,-63.866665],[10.19,-69.53333],[9.201667,-69.3]]],"Gemini":[[[6.1466665,22.533333],[6.2816668,22.566668],[6.63,25.233334],[7.08,30.416666],[7.378333,31.983334],[7.47,32.1],[7.616667,29.116667],[7.653333,28.266666],[7.64,24.633333],[7.2366667,22.166666],[6.9700003,20.716667],[6.5316668,16.483334],[6.661667,13]],[[7.2366667,22.166666],[7.205,16.716667]]],"Scutum":[[[18.698334,-4.85],[18.496666,-8.316667],[18.303333,-8.983334]],[[18.496666,-8.316667],[18.391666,-14.633333]]],